"eye_tracker","t_statistic","p_value","cohens_d"
"EyeLink 1000 Plus",23.4430359488348,1.47681139859897e-17,4.78528967469735
"Pupil Core",21.5778460343007,9.18000750778563e-17,4.40455937769786
"SMI ETG",24.6471776886344,1.62438778358181e-17,5.1392918139062
"Pupil Neon",24.6177137710427,4.99946525815693e-18,5.02506978107845
"Tobii Glasses 2",6.43748730231381,0.00134437198554761,2.62809318605244
