condition,total_rows,nan_rows,nan_percentage
dilated,168768,71,0.04206958665149792
constricted,168768,131,0.07762135001896095
ALL,337536,202,0.059845468335229426
